burrows,salinity
8,18.33881509
12,31.1927182
15,24.40889522
3,4.000027925
11,11.79425038
6,6.052333051
14,29.27697477
12,14.92364652
6,12.40341839
11,32.88880954
6,6.380732973
15,25.73299187
22,32.12718674
13,34.8745199
13,21.88297573
8,14.5660036
17,34.49966846
9,16.31615898
14,34.12590548
20,30.23474009
